{
  "sessionId": "benchmark_1768144454885_hr9tbcqs0",
  "timestamp": "2026-01-11T15:16:56Z",
  "hardwareInfo": {
  "cpu": {
    "model": "Apple M1 Max",
    "cores": 10,
    "threads": 10,
    "architecture": "arm64"
  },
  "memory": {
    "total": 32,
    "available": 0
  },
  "os": {
    "platform": "macOS",
    "release": "macOS 15.6.1 24G90",
    "version": "darwin 24.6.0 arm64"
  },
  "gpu": {
    "name": "Apple M1 Max",
    "memory": 0,
    "cudaSupported": false
  }
},
  "processes": {
    "prove": {
      "startTime": 1768144454885,
      "endTime": 1768144616805,
      "duration": 161920,
      "success": true,
      "details": {
        "checkPoints": [
          "Check point: Fetched input data from the frontend compilers",
          "Check point: Encoded binding polynomials",
          "Check point: Computed quotient polynomials for Arithmetic constraint argument",
          "Check point: Encoded witness polynomials for Arithmetic constraint argument",
          "Check point: Encoded the quotient polynomials for Arithmetic constraint argument",
          "Check point: Encoded the witness polynomial for Copy constraint argument",
          "Check point: Computed a recursion polynomial for Copy constraint argument",
          "Check point: Encoded the recursion polynomial for Copy constraint argument",
          "Check point: Computed quotient polynomials for Copy constraint argument",
          "Check point: Encoded quotient polynomials for Copy constraint argument",
          "Check point: Computed KZG openings",
          "Check point: Computed KZG proofs for Arithmetic constraint argument",
          "Check point: Encoded the KZG proofs for Arithmetic constraint argument",
          "Check point: Computed KZG proofs for the recursion polynomials (1/2)",
          "Check point: Encoded the KZG proofs for the recursion polynomials (1/2)",
          "Check point: Computed KZG proofs for the recursion polynomials (2/2)",
          "Check point: Encoded the KZG proofs for the recursion polynomials (2/2)",
          "Check point: Computed KZG proofs for Copy constraint argument",
          "Check point: Encoded the KZG proofs for Copy constraint argument",
          "Check point: Computed a KZG proof for public instance",
          "Check point: Encoded the KZG proof for public instance"
        ],
        "proverInitTime": 38.054587,
        "prove0Time": 21.493405,
        "prove1Time": 2.593775,
        "prove2Time": 72.035086,
        "prove3Time": 1.400980,
        "prove4Time": 25.666789,
        "totalProvingTime": 161.436754
      }
    }
  },
  "metadata": {
    "cudaEnabled": false,
    "totalSessionDuration": 161920
  }
}
